,Avg. sheep,Avg. wolves
0,125.25,91.52
1,136.85,110.37
2,125.98,84.5
3,136.46,106.76
4,284.34,55.39
5,99.84,59.25
6,181.33,67.49
7,185.57,23.92
8,189.64,28.34
9,201.79,19.85
10,125.68,40.3
11,206.15,35.1
12,140.74,24.86
13,200.75,18.04
14,88.4,25.16
15,94.23,18.85
16,106.78,20.73
17,84.13,22.12
18,93.95,24.01
19,86.27,21.18
20,96.47,17.55
21,89.47,33.48
22,79.77,28.99
23,96.3,31.62
24,95.34,14.13
25,90.14,35.05
26,85.77,33.15
27,92.28,32.54
28,268.47,98.38
29,273.26,108.06
30,228.5,119.96
31,160.51,80.49
32,281.85,98.71
33,251.41,176.09
34,185.74,161.04
35,178.72,136.76
36,147.59,136.39
37,255.46,213.93
38,158.98,151.92
39,162.31,98.8
40,190.84,98.07
41,160.36,143.34
42,114.5,25.32
43,98.05,37.33
44,131.61,22.48
45,131.52,35.94
46,117.77,30.28
47,147.24,48.33
48,143.04,24.06
49,251.06,52.49
50,244.76,47.18
51,172.44,37.18
52,260.71,59.82
53,159.15,28.0
54,214.07,85.2
55,263.01,49.24
56,110.41,24.18
57,121.0,27.37
58,150.08,31.35
59,171.13,48.72
60,111.56,39.1
61,148.64,54.75
62,131.24,19.69
63,261.2,118.73
64,226.9,88.02
65,185.29,76.73
66,272.75,93.63
67,171.25,51.59
68,176.22,220.18
69,263.95,109.99
70,178.37,132.19
71,195.62,106.71
72,197.93,150.27
73,211.86,149.51
74,220.78,85.93
75,154.61,118.67
76,149.32,176.64
77,295.41,79.79
78,281.71,62.73
79,258.42,72.85
80,164.89,157.47
81,263.89,144.73
82,296.52,82.13
83,286.37,92.94
84,303.51,42.31
85,288.2,50.26
86,221.32,44.87
87,370.76,59.08
88,286.78,53.17
89,181.05,22.93
90,228.81,106.67
91,195.79,51.04
92,163.98,76.46
93,131.38,54.37
94,243.4,34.77
95,192.19,174.92
96,218.12,50.74
97,159.35,61.21
98,200.25,105.4
99,221.74,113.45
100,204.81,127.8
101,109.74,36.59
102,151.87,127.87
103,215.28,173.97
104,230.82,77.56
105,120.79,77.1
106,114.41,59.7
107,218.61,206.77
108,150.45,46.98
109,117.29,60.57
110,139.72,72.2
111,133.04,72.84
112,127.79,24.63
113,130.71,29.62
114,93.15,22.34
115,122.68,19.46
116,121.08,36.28
117,129.8,27.56
118,132.46,19.63
119,81.04,22.73
120,118.64,34.17
121,97.97,22.35
122,86.89,23.29
123,90.06,20.1
124,88.67,21.36
125,89.57,21.32
126,86.22,76.81
127,93.4,74.84
128,101.87,80.13
129,76.92,76.0
130,132.57,63.57
131,121.22,108.59
132,96.78,75.67
133,119.25,97.17
134,108.26,94.5
135,108.5,101.87
136,104.25,105.53
137,108.7,67.41
138,100.35,77.35
139,116.54,103.47
140,176.88,51.81
141,196.11,50.14
142,210.44,61.31
143,246.93,82.3
144,150.9,87.65
145,190.74,59.58
146,176.68,68.96
147,168.64,193.0
148,133.87,175.93
149,135.23,141.27
150,235.43,184.82
151,136.75,167.32
152,246.12,134.4
153,136.62,159.98
154,280.55,95.8
155,302.52,80.03
156,351.03,69.78
157,170.35,55.31
158,325.61,58.11
159,296.65,83.05
160,199.99,204.06
161,191.28,56.14
162,162.14,54.25
163,266.72,151.68
164,178.7,88.08
165,203.38,40.75
166,200.45,43.24
167,191.14,61.82
168,261.27,162.41
169,258.56,199.79
170,269.96,194.01
171,299.64,205.29
172,235.33,200.62
173,207.52,92.57
174,266.17,176.91
175,201.19,104.43
176,175.47,100.8
177,173.83,107.24
178,262.54,96.8
179,273.01,261.71
180,205.81,109.01
181,194.93,93.3
182,144.23,22.51
183,140.3,24.87
184,140.49,33.54
185,204.08,52.18
186,128.38,40.52
187,143.83,26.41
188,136.39,24.53
189,187.17,98.9
190,159.16,102.09
191,137.46,52.11
192,204.82,74.17
193,186.76,79.89
194,169.87,118.39
195,169.76,116.37
196,138.63,117.94
197,141.31,99.61
198,127.0,109.6
199,99.63,65.63
200,276.01,66.27
201,194.17,254.46
202,148.1,124.21
203,129.83,20.37
204,200.32,31.94
205,264.96,100.06
206,103.96,71.85
207,129.63,18.18
208,133.55,24.01
209,137.21,19.33
210,243.81,58.75
211,226.87,70.43
212,248.03,68.64
213,295.71,78.99
214,212.65,74.69
215,166.13,31.55
216,230.7,64.81
217,168.28,42.77
218,186.47,40.07
219,166.13,42.81
220,177.34,34.59
221,333.83,65.15
222,200.33,42.01
223,194.21,41.62
224,214.01,21.11
225,239.61,21.1
226,214.91,21.25
227,214.12,20.9
228,201.05,32.54
229,239.78,18.38
230,175.6,26.32
231,190.55,22.91
232,246.99,27.57
233,181.78,32.35
234,207.71,26.28
235,187.13,30.18
236,174.19,31.34
237,181.78,32.35
238,159.34,101.86
239,149.77,115.13
240,173.59,106.28
241,156.3,107.24
242,163.19,122.66
243,151.34,101.53
244,196.19,79.85
245,144.15,117.7
246,176.6,96.68
247,156.97,118.54
248,136.82,115.28
249,151.56,146.89
250,166.64,117.15
251,167.52,122.6
252,217.02,223.88
253,235.97,211.21
254,218.69,128.0
255,188.2,85.45
256,145.73,300.72
257,271.23,204.07
258,221.69,227.02
259,107.53,107.21
260,116.97,177.46
261,124.97,244.17
262,140.43,46.94
263,109.31,115.69
264,117.85,110.62
265,117.13,105.38
266,123.4,55.81
267,132.47,66.39
268,146.44,57.9
269,208.02,77.89
270,146.45,50.1
271,103.34,57.97
272,129.33,53.46
273,219.32,69.52
274,213.58,77.85
275,159.9,41.68
276,166.85,80.86
277,203.59,71.21
278,228.04,75.78
279,221.46,76.18
280,194.29,76.03
281,219.32,89.57
282,133.66,87.46
283,145.38,50.58
284,206.39,85.15
285,256.9,112.01
286,181.45,96.56
287,97.66,57.74
288,154.64,63.75
289,168.58,82.97
290,100.64,56.17
291,102.03,32.25
292,106.06,35.08
293,104.19,33.88
294,211.61,225.3
295,231.79,229.86
296,216.28,231.87
297,201.67,179.89
298,319.29,148.5
299,241.18,99.57
300,211.67,233.31
301,280.43,72.24
302,261.8,64.94
303,253.6,123.06
304,226.98,99.2
305,239.45,142.51
306,243.61,83.34
307,227.03,66.98
308,127.24,72.53
309,134.72,64.51
310,147.1,58.82
311,163.71,245.6
312,146.09,40.14
313,110.9,35.53
314,135.37,59.93
315,179.1,64.93
316,187.21,66.04
317,130.52,31.69
318,186.66,68.89
319,281.5,195.1
320,137.14,57.88
321,176.59,48.29
322,201.42,37.84
323,228.56,29.3
324,196.94,48.91
325,168.5,34.44
326,142.23,70.91
327,229.5,99.4
328,181.61,35.53
329,186.29,80.7
330,172.31,70.35
331,265.02,85.43
332,218.51,32.35
333,155.54,53.79
334,140.44,127.61
335,185.0,73.25
336,178.42,129.03
337,183.92,136.03
338,165.05,129.73
339,182.17,173.91
340,139.81,166.11
341,162.35,173.69
342,158.99,154.67
343,133.18,209.91
344,139.66,253.1
345,125.64,195.88
346,164.87,185.71
347,138.32,187.37
348,154.68,225.31
349,160.93,211.1
350,110.84,65.38
351,121.85,56.06
352,105.77,74.62
353,69.82,44.44
354,194.57,26.21
355,172.03,88.86
356,118.71,74.18
357,200.65,29.68
358,143.34,22.07
359,339.02,68.68
360,138.22,76.23
361,120.84,21.43
362,209.6,23.4
363,195.92,33.73
364,191.26,29.15
365,189.46,28.31
366,168.79,27.69
367,267.7,42.47
368,167.36,44.31
369,141.98,21.36
370,185.14,28.14
371,171.32,38.04
372,148.33,36.36
373,110.03,30.03
374,181.33,28.51
375,233.09,51.79
376,199.93,25.27
377,157.51,34.58
378,183.91,203.54
379,185.43,209.47
380,169.6,202.09
381,186.76,260.14
382,177.46,233.53
383,176.57,158.02
384,145.73,217.51
385,156.48,199.99
386,159.46,211.6
387,128.29,187.69
388,158.46,185.6
389,170.21,253.08
390,142.07,191.56
391,162.45,209.86
392,174.09,313.05
393,181.55,316.12
394,140.09,254.17
395,154.5,204.24
396,250.5,233.36
397,125.99,77.62
398,236.91,277.08
399,183.83,26.58
400,248.03,26.21
401,239.08,38.63
402,110.75,66.39
403,219.51,60.77
404,184.7,32.79
405,198.85,21.82
406,191.39,47.61
407,199.46,40.14
408,161.32,32.69
409,292.5,75.98
410,178.75,49.9
411,196.24,52.57
412,211.26,30.59
413,290.2,68.74
414,330.15,85.44
415,172.84,51.23
416,313.11,51.38
417,255.51,63.54
418,194.1,161.37
419,268.81,90.02
420,128.79,68.94
421,164.82,78.28
422,148.6,65.72
423,128.79,68.94
424,150.83,60.75
425,250.62,162.71
426,168.78,65.49
427,225.69,124.67
428,264.52,154.27
429,212.16,152.62
430,212.43,131.44
431,165.65,71.32
432,201.36,132.63
433,209.31,142.37
434,100.98,34.77
435,102.97,23.96
436,131.39,47.75
437,97.48,35.79
438,108.87,19.88
439,106.32,22.72
440,108.3,26.56
441,134.65,21.1
442,102.04,20.04
443,126.48,23.52
444,123.57,28.51
445,124.21,45.97
446,122.53,30.98
447,126.54,21.75
448,193.55,26.21
449,239.25,23.87
450,248.69,21.69
451,199.85,21.17
452,104.79,82.95
453,290.31,43.13
454,219.06,32.74
455,98.54,122.47
456,116.83,125.35
457,136.57,137.13
458,205.41,25.92
459,92.58,68.15
460,131.19,92.69
461,97.98,115.6
462,82.05,24.36
463,81.6,22.17
464,77.43,26.47
465,286.37,75.27
466,77.83,22.52
467,82.05,27.65
468,85.85,24.32
469,214.69,161.79
470,255.59,165.02
471,78.64,20.84
472,226.97,152.35
473,260.2,95.96
474,308.85,68.86
475,205.47,159.16
476,308.81,128.59
477,301.11,123.14
478,280.0,119.58
479,274.73,94.89
480,310.52,117.58
481,299.92,99.83
482,369.79,82.9
483,249.9,69.23
484,266.02,68.48
485,337.33,73.01
486,216.74,84.96
487,259.28,72.23
488,237.76,77.44
489,262.66,59.1
490,127.06,69.05
491,127.55,59.72
492,141.62,101.36
493,70.74,28.95
494,114.64,68.4
495,102.39,54.13
496,126.77,69.78
497,95.08,40.26
498,56.97,21.44
499,127.54,69.38
500,65.16,35.5
501,97.9,40.2
502,81.05,28.72
503,84.24,28.51
504,123.76,72.63
505,127.77,70.02
506,109.74,70.85
507,148.27,169.36
508,155.2,33.65
509,123.41,78.66
510,130.1,65.42
511,242.78,101.12
512,195.28,116.36
513,132.24,39.47
514,150.87,185.32
515,230.87,112.65
516,201.22,131.67
517,220.38,100.03
518,244.31,95.53
519,244.14,105.54
520,368.33,116.95
521,114.88,40.01
522,237.12,112.95
523,160.04,32.94
524,269.26,84.75
525,72.01,34.11
526,89.23,31.69
527,138.03,45.61
528,84.95,28.89
529,176.29,66.19
530,122.6,25.63
531,85.45,36.61
532,236.7,134.34
533,189.82,170.24
534,220.68,125.53
535,230.98,137.75
536,210.28,138.42
537,175.91,63.86
538,246.49,123.25
539,155.36,86.14
540,190.54,77.82
541,181.93,62.15
542,201.69,67.27
543,239.96,92.61
544,188.8,62.33
545,182.47,61.94
546,202.49,59.28
547,230.8,61.3
548,209.45,60.25
549,202.49,59.28
550,228.09,73.04
551,210.15,175.4
552,232.49,56.64
553,246.2,143.4
554,320.76,141.73
555,222.62,151.08
556,243.15,154.58
557,232.81,42.12
558,248.78,155.43
559,217.26,151.58
560,122.77,52.77
561,131.97,44.04
562,109.34,41.08
563,312.83,149.11
564,131.87,39.47
565,122.08,46.72
566,115.85,55.18
567,197.01,210.56
568,203.42,236.49
569,102.26,46.55
570,217.26,242.42
571,230.68,208.74
572,303.27,121.44
573,189.87,220.51
574,198.73,67.8
575,190.1,73.8
576,157.99,50.96
577,137.33,37.72
578,267.05,29.08
579,182.91,73.74
580,241.46,40.89
581,177.55,14.87
582,198.34,19.92
583,236.25,24.31
584,163.59,30.05
585,174.41,21.31
586,156.62,31.52
587,176.48,20.81
588,95.64,30.81
589,98.22,34.25
590,101.81,28.96
591,77.61,25.18
592,163.2,17.57
593,107.63,47.78
594,127.81,28.84
595,83.63,14.07
596,79.72,14.94
597,155.56,21.85
598,81.29,20.18
599,53.41,19.14
600,69.46,18.17
601,79.51,16.68
602,289.51,57.51
603,324.06,52.58
604,366.41,86.07
605,230.95,57.23
606,185.79,140.65
607,297.96,48.84
608,207.67,116.68
609,178.14,196.42
610,130.91,151.25
611,134.6,172.89
612,258.21,113.67
613,163.97,179.51
614,190.24,149.83
615,150.86,191.12
616,312.7,59.2
617,323.36,54.42
618,313.87,48.72
619,165.59,25.09
620,358.26,40.68
621,226.52,31.84
622,195.5,153.09
623,124.97,16.64
624,131.03,19.96
625,246.72,35.14
626,126.09,19.23
627,150.52,22.5
628,133.88,14.52
629,125.43,14.47
630,96.46,34.8
631,76.31,37.32
632,123.56,41.43
633,119.1,60.09
634,104.81,34.54
635,116.36,47.63
636,101.24,32.03
637,227.61,157.25
638,201.92,110.02
639,155.73,70.15
640,182.56,161.51
641,203.14,48.98
642,204.88,185.54
643,267.61,132.13
644,197.2,129.64
645,230.74,122.1
646,209.32,136.11
647,197.2,129.64
648,122.79,121.37
649,210.64,267.44
650,271.72,84.21
651,335.76,129.8
652,331.89,156.22
653,301.57,150.85
654,364.88,104.0
655,280.15,82.37
656,159.74,306.54
657,320.12,144.45
658,171.58,113.86
659,173.28,118.84
660,174.97,102.56
661,162.02,118.97
662,199.63,73.32
663,161.18,74.83
664,136.9,175.95
665,177.58,56.2
666,160.81,71.38
667,170.71,67.06
668,126.45,113.51
669,153.32,109.62
670,196.04,44.5
671,163.96,66.84
672,230.29,106.01
673,213.22,112.76
674,222.51,93.27
675,152.38,57.66
676,186.35,141.53
677,212.3,144.68
678,204.35,119.36
679,119.99,94.23
680,147.5,76.55
681,192.22,146.32
682,129.52,68.56
683,115.35,60.52
684,120.05,72.85
685,127.24,69.5
686,200.01,91.52
687,217.41,81.57
688,217.69,145.41
689,183.64,154.18
690,187.44,115.0
691,203.43,97.83
692,236.2,55.59
693,443.77,63.62
694,326.03,61.08
695,332.49,60.49
696,408.42,69.6
697,417.74,56.78
698,235.14,221.12
699,457.46,51.38
700,170.8,224.0
701,172.38,212.42
702,147.28,200.86
703,167.0,240.02
704,316.17,139.5
705,161.6,281.73
706,254.99,167.45
707,374.33,100.37
708,444.04,119.67
709,306.76,91.81
710,292.89,169.71
711,314.54,109.44
712,282.16,156.82
713,350.11,111.55
714,146.5,24.23
715,130.22,26.63
716,112.91,28.56
717,171.92,33.99
718,121.27,39.74
719,153.06,26.78
720,142.26,24.93
721,140.99,71.53
722,143.25,71.61
723,125.59,37.34
724,141.74,69.39
725,118.33,46.58
726,158.18,50.67
727,153.2,59.07
728,215.5,36.77
729,213.59,44.08
730,179.09,35.46
731,250.4,42.64
732,191.93,43.02
733,246.91,62.27
734,177.21,52.71
735,235.51,183.58
736,167.34,179.03
737,160.66,121.97
738,230.8,187.82
739,154.02,83.34
740,293.89,105.53
741,175.17,209.45
742,153.71,243.1
743,173.31,222.51
744,146.92,219.48
745,134.19,139.14
746,138.62,236.34
747,98.18,65.93
748,211.21,189.87
749,139.58,53.87
750,87.29,57.22
751,122.82,68.0
752,130.43,50.83
753,131.38,127.4
754,110.07,65.82
755,110.8,66.53
756,146.37,25.48
757,146.66,21.89
758,131.74,15.66
759,145.14,22.75
760,121.88,75.78
761,137.76,15.2
762,153.44,16.58
763,106.68,32.59
764,120.57,34.61
765,112.64,40.07
766,125.11,17.22
767,116.46,45.82
768,106.84,35.33
769,113.64,39.74
770,229.99,60.4
771,221.29,59.32
772,305.07,69.3
773,232.56,65.53
774,253.89,44.87
775,248.68,76.29
776,177.87,131.28
777,233.19,187.19
778,211.64,96.41
779,270.97,170.76
780,179.76,237.59
781,266.73,81.91
782,371.8,73.04
783,276.89,156.26
784,296.54,127.21
785,336.89,129.7
786,261.92,134.5
787,196.43,105.9
788,301.33,131.1
789,272.56,152.51
790,340.24,113.08
791,208.64,79.34
792,238.96,71.55
793,279.65,133.62
794,204.36,97.25
795,198.19,84.96
796,207.83,82.73
797,211.93,85.75
798,133.67,46.37
799,149.12,40.36
800,148.53,34.27
801,154.42,64.23
802,158.86,27.56
803,138.69,45.72
804,140.07,40.32
805,237.54,49.04
806,212.89,51.37
807,174.4,21.89
808,212.52,70.88
809,232.49,42.79
810,211.95,41.7
811,247.61,31.13
812,143.19,121.32
813,164.51,122.08
814,138.64,133.78
815,148.79,122.11
816,171.7,116.04
817,138.24,124.6
818,126.47,121.49
819,180.65,87.69
820,191.34,123.76
821,174.54,95.23
822,151.2,126.41
823,180.3,97.87
824,155.53,103.59
825,171.25,93.77
826,83.62,19.02
827,87.02,16.99
828,99.72,24.67
829,92.94,23.66
830,83.36,35.78
831,79.73,22.23
832,84.55,25.23
833,103.87,54.75
834,92.38,43.78
835,92.05,56.71
836,112.33,24.68
837,102.82,54.47
838,92.32,73.44
839,96.11,80.36
840,269.72,59.64
841,282.47,45.54
842,213.7,40.05
843,392.33,59.94
844,291.82,44.35
845,278.01,25.0
846,248.67,85.83
847,264.4,49.53
848,321.23,54.74
849,208.74,24.51
850,275.7,37.94
851,277.96,67.52
852,246.82,40.73
853,239.0,49.07
854,173.53,95.15
855,194.88,100.0
856,206.45,82.89
857,120.97,36.56
858,196.42,90.59
859,198.24,207.31
860,195.54,81.79
861,133.28,102.68
862,129.07,72.99
863,195.02,271.49
864,141.18,105.69
865,118.71,63.57
866,138.84,97.89
867,133.34,108.71
868,134.38,24.83
869,132.04,24.49
870,99.51,26.39
871,146.11,38.21
872,103.97,35.18
873,181.32,49.22
874,103.44,34.62
875,170.91,173.41
876,124.79,189.38
877,140.71,103.81
878,235.93,118.86
879,103.7,60.19
880,139.61,176.68
881,131.62,172.91
882,222.55,109.91
883,194.7,138.13
884,190.5,129.33
885,200.09,155.22
886,300.03,64.92
887,133.85,60.08
888,214.94,115.11
889,220.48,23.65
890,175.78,28.29
891,177.63,31.57
892,143.54,64.83
893,285.2,94.14
894,222.69,38.25
895,180.48,29.34
896,146.99,37.42
897,116.4,49.42
898,124.19,42.13
899,216.15,78.22
900,111.15,78.89
901,103.64,33.87
902,149.92,38.93
903,129.07,56.71
904,133.47,49.72
905,91.0,40.81
906,140.14,40.23
907,160.62,70.77
908,113.86,51.74
909,130.38,47.46
910,239.37,94.67
911,219.25,110.79
912,263.4,159.28
913,154.95,22.87
914,156.87,167.14
915,239.37,75.36
916,265.86,69.2
917,176.89,73.41
918,128.22,61.65
919,204.4,154.34
920,197.68,44.87
921,166.71,97.62
922,154.6,99.21
923,170.65,80.46
924,186.69,225.39
925,157.85,224.82
926,219.81,233.86
927,178.98,230.79
928,247.47,135.17
929,187.62,194.36
930,178.19,235.4
931,261.43,174.23
932,207.32,145.54
933,203.95,158.0
934,157.6,241.05
935,216.09,188.57
936,208.55,171.73
937,261.05,153.24
938,349.63,61.79
939,321.02,68.21
940,333.73,78.76
941,350.37,63.59
942,277.9,86.15
943,244.25,42.5
944,334.05,56.0
945,228.71,69.63
946,179.91,87.16
947,200.31,86.62
948,314.06,44.0
949,254.73,119.39
950,234.85,70.4
951,195.88,87.61
952,261.71,72.85
953,300.41,60.12
954,275.88,70.12
955,234.42,62.27
956,267.25,78.85
957,328.91,112.06
958,249.31,83.52
959,236.36,121.1
960,235.34,124.26
961,288.41,146.4
962,223.19,116.05
963,228.15,52.53
964,257.87,91.32
965,239.04,115.77
966,102.87,76.64
967,106.04,78.95
968,109.76,57.66
969,142.58,254.03
970,101.63,82.94
971,95.22,56.74
972,107.73,79.09
973,146.28,183.91
974,150.67,167.33
975,93.23,51.5
976,108.2,131.47
977,150.63,265.18
978,136.41,128.91
979,124.71,171.0
980,279.3,128.75
981,350.65,98.41
982,292.68,76.47
983,244.2,102.68
984,290.94,161.78
985,245.89,51.31
986,266.6,158.15
987,146.22,71.07
988,140.24,66.14
989,166.43,72.22
990,212.17,26.04
991,188.93,126.14
992,155.33,52.04
993,162.39,48.38
994,149.48,34.68
995,152.71,38.0
996,148.8,36.42
997,88.58,30.11
998,164.78,23.79
999,174.74,51.47
1000,124.49,44.23
1001,147.09,23.48
1002,123.61,20.14
1003,233.76,48.84
1004,138.79,46.0
1005,125.13,14.96
1006,153.65,23.99
1007,146.7,28.22
1008,245.61,202.7
1009,204.71,230.08
1010,171.09,174.5
1011,161.72,86.62
1012,189.77,244.71
1013,214.42,176.46
1014,270.67,159.21
1015,117.98,79.29
1016,165.78,70.26
1017,186.48,154.17
1018,132.22,50.5
1019,134.62,54.34
1020,131.37,67.76
1021,131.29,60.17
1022,128.71,63.65
1023,126.27,68.49
1024,150.66,78.75
1025,174.16,99.57
1026,156.74,26.87
1027,129.91,53.68
1028,126.03,68.75
1029,227.65,38.22
1030,246.49,24.94
1031,169.68,19.92
1032,127.29,72.85
1033,288.39,71.62
1034,296.42,17.86
1035,281.4,24.5
1036,206.99,24.16
1037,250.98,30.95
1038,206.99,24.16
1039,205.74,24.58
1040,243.39,34.84
1041,476.98,33.4
1042,242.98,35.88
1043,208.06,127.61
1044,279.53,129.06
1045,305.05,126.64
1046,264.35,121.64
1047,173.83,44.95
1048,368.17,62.82
1049,279.53,129.06
1050,154.66,144.71
1051,166.03,132.98
1052,154.66,144.71
1053,182.07,125.28
1054,170.1,156.74
1055,179.86,157.89
1056,211.76,92.98
1057,222.71,103.61
1058,183.19,148.95
1059,195.98,128.3
1060,195.0,124.08
1061,177.3,114.56
1062,148.99,172.98
1063,183.19,148.95
1064,127.38,75.26
1065,136.84,64.3
1066,141.72,88.53
1067,151.15,200.44
1068,160.84,26.15
1069,122.45,53.9
1070,141.22,57.42
1071,372.52,40.29
1072,362.59,30.49
1073,172.53,20.65
1074,306.66,65.0
1075,443.66,53.38
1076,302.87,97.4
1077,361.94,35.16
1078,129.43,25.83
1079,153.71,26.35
1080,169.39,24.48
1081,142.33,21.93
1082,97.18,45.85
1083,250.53,95.83
1084,148.98,23.09
1085,147.24,128.69
1086,157.29,116.07
1087,218.29,176.12
1088,177.02,92.9
1089,101.33,36.27
1090,161.13,115.28
1091,169.17,107.64
1092,163.98,60.86
1093,152.74,60.51
1094,158.46,66.16
1095,101.18,47.52
1096,157.73,64.92
1097,169.65,100.94
1098,106.37,90.23
1099,94.83,63.78
1100,100.52,66.44
1101,117.88,135.17
1102,95.04,50.94
1103,79.97,51.78
1104,99.35,44.32
1105,90.11,59.18
1106,185.47,190.79
1107,171.55,182.46
1108,216.82,232.96
1109,173.86,139.31
1110,208.27,173.51
1111,136.16,39.07
1112,232.87,143.67
1113,146.49,40.81
1114,116.57,43.81
1115,178.7,31.7
1116,145.48,34.62
1117,238.98,145.84
1118,120.48,42.64
1119,161.03,34.88
1120,247.24,42.76
1121,232.1,51.53
1122,213.19,61.11
1123,329.06,88.93
1124,144.1,105.79
1125,185.6,33.54
1126,216.68,70.44
1127,108.17,77.9
1128,155.05,85.53
1129,104.66,71.77
1130,222.61,36.76
1131,197.2,146.6
1132,129.67,86.25
1133,121.36,72.71
1134,295.71,123.29
1135,352.42,94.03
1136,291.44,143.61
1137,190.95,62.47
1138,337.17,105.5
1139,314.94,84.32
1140,159.46,248.76
1141,153.25,85.79
1142,156.35,79.09
1143,169.34,176.1
1144,131.29,108.9
1145,158.64,109.61
1146,185.62,40.61
1147,143.54,93.46
1148,123.61,34.83
1149,125.84,35.63
1150,95.3,31.34
1151,102.76,31.68
1152,129.47,22.58
1153,118.56,38.38
1154,120.2,41.05
1155,84.48,15.4
1156,115.04,19.67
1157,106.27,15.22
1158,86.0,26.43
1159,83.88,17.89
1160,84.86,14.73
1161,87.59,15.68
1162,109.05,83.86
1163,102.91,81.6
1164,105.84,78.68
1165,100.99,90.1
1166,138.94,61.97
1167,127.75,113.05
1168,139.39,77.57
1169,196.14,78.76
1170,232.79,44.14
1171,246.04,67.69
1172,183.9,84.33
1173,211.82,49.14
1174,148.7,111.89
1175,246.16,61.52
1176,121.89,72.59
1177,122.15,61.89
1178,150.96,71.25
1179,94.42,35.11
1180,156.68,67.66
1181,190.46,322.2
1182,145.46,44.21
1183,122.33,35.75
1184,161.87,50.16
1185,331.37,96.61
1186,122.54,46.33
1187,97.18,26.3
1188,114.84,60.21
1189,130.07,37.53
1190,207.51,51.13
1191,192.1,59.71
1192,235.81,79.77
1193,245.48,70.93
1194,147.6,120.24
1195,202.77,51.86
1196,199.39,61.5
1197,145.85,185.09
1198,154.33,162.64
1199,174.29,130.07
1200,240.56,109.75
1201,181.67,180.9
1202,210.74,101.36
1203,186.26,159.81
1204,286.98,175.88
1205,265.43,191.49
1206,286.98,175.88
1207,268.43,241.49
1208,251.23,190.44
1209,210.88,75.37
1210,198.48,236.43
1211,155.32,95.69
1212,139.92,117.46
1213,185.26,112.54
1214,147.17,79.2
1215,181.09,295.15
1216,169.26,81.57
1217,139.92,117.46
1218,148.55,24.12
1219,147.9,21.78
1220,148.55,24.12
1221,232.47,21.58
1222,150.39,22.5
1223,158.6,25.57
1224,150.63,20.66
1225,219.18,57.6
1226,207.59,68.12
1227,152.3,39.17
1228,214.38,56.28
1229,210.81,32.55
1230,157.1,105.14
1231,207.59,68.12
1232,194.55,56.88
1233,104.06,71.48
1234,119.16,74.98
1235,85.75,38.78
1236,134.91,87.06
1237,155.49,60.9
1238,121.5,83.72
1239,61.8,32.86
1240,76.41,38.77
1241,113.77,60.16
1242,64.25,30.36
1243,78.19,28.24
1244,72.69,30.38
1245,82.7,29.27
1246,137.21,33.51
1247,149.32,25.94
1248,172.26,32.5
1249,264.61,75.83
1250,142.15,32.42
1251,143.16,25.6
1252,147.69,27.22
1253,268.3,123.42
1254,275.36,67.55
1255,171.97,33.99
1256,276.3,92.27
1257,295.65,98.2
1258,335.06,69.71
1259,315.83,70.12
1260,220.26,255.39
1261,271.31,223.78
1262,263.03,235.72
1263,219.77,258.56
1264,307.06,198.94
1265,236.39,249.7
1266,331.5,144.96
1267,369.68,83.92
1268,369.63,94.29
1269,371.14,99.52
1270,352.09,102.23
1271,409.55,65.38
1272,264.79,187.5
1273,366.17,90.49
1274,160.75,85.31
1275,183.61,57.74
1276,151.43,79.06
1277,132.4,71.36
1278,106.01,118.16
1279,166.17,68.8
1280,170.42,68.28
1281,111.04,98.32
1282,126.62,84.37
1283,118.65,101.04
1284,159.46,49.85
1285,113.84,95.84
1286,115.68,92.9
1287,117.54,88.65
1288,87.61,17.79
1289,87.38,20.19
1290,97.11,16.41
1291,279.49,78.74
1292,82.52,16.18
1293,93.42,20.56
1294,90.09,17.02
1295,269.72,197.47
1296,259.5,168.53
1297,99.51,19.37
1298,269.02,178.27
1299,289.28,62.78
1300,312.28,164.21
1301,279.86,179.48
1302,209.96,80.26
1303,214.99,82.64
1304,218.8,93.41
1305,189.73,74.72
1306,230.6,64.74
1307,156.96,56.96
1308,201.71,97.89
1309,156.22,50.42
1310,161.15,51.15
1311,191.45,56.27
1312,174.1,57.4
1313,184.04,88.99
1314,172.82,44.73
1315,153.41,59.72
1316,241.53,28.0
1317,229.65,41.99
1318,195.18,27.18
1319,199.26,28.71
1320,145.79,113.85
1321,127.94,19.09
1322,230.71,39.91
1323,77.97,46.07
1324,75.3,41.44
1325,87.52,36.34
1326,115.29,17.87
1327,128.11,77.46
1328,89.57,39.49
1329,79.63,37.3
1330,162.25,45.28
1331,132.25,70.42
1332,127.48,54.71
1333,141.09,45.53
1334,177.21,42.86
1335,153.42,157.19
1336,127.83,48.53
1337,218.95,186.2
1338,216.4,133.88
1339,185.6,182.36
1340,172.1,167.38
1341,166.0,35.52
1342,197.53,145.56
1343,242.5,145.8
1344,128.05,171.88
1345,121.25,154.53
1346,128.05,171.88
1347,164.39,281.54
1348,114.45,186.73
1349,125.17,148.61
1350,164.82,142.25
1351,152.52,208.61
1352,145.45,209.64
1353,134.75,148.51
1354,161.36,210.46
1355,177.38,284.91
1356,139.23,216.42
1357,145.45,209.64
1358,202.87,61.54
1359,192.24,69.08
1360,202.87,61.54
1361,180.21,43.28
1362,150.64,61.35
1363,189.04,39.55
1364,212.32,45.31
1365,138.87,32.13
1366,153.04,35.9
1367,157.85,35.47
1368,163.93,33.08
1369,192.53,41.97
1370,117.8,35.48
1371,153.04,35.9
1372,141.23,27.1
1373,130.38,34.58
1374,107.65,25.07
1375,199.42,52.94
1376,145.65,17.7
1377,115.68,28.72
1378,131.73,33.97
1379,176.07,25.12
1380,189.51,30.86
1381,99.27,14.43
1382,154.75,46.55
1383,181.64,23.45
1384,164.65,25.41
1385,176.15,22.65
1386,238.1,121.59
1387,193.26,139.04
1388,249.37,178.27
1389,300.85,125.63
1390,164.71,207.62
1391,226.48,118.68
1392,247.99,112.53
1393,247.48,243.13
1394,206.8,169.0
1395,198.78,211.47
1396,389.93,110.97
1397,236.0,270.38
1398,173.85,268.11
1399,233.73,231.81
1400,225.39,235.49
1401,253.4,240.45
1402,219.59,193.55
1403,158.86,42.94
1404,236.99,237.44
1405,229.61,151.73
1406,304.25,208.29
1407,117.32,28.72
1408,145.94,31.47
1409,251.05,103.65
1410,122.28,22.65
1411,122.48,29.87
1412,120.54,25.3
1413,122.16,27.03
1414,156.0,86.84
1415,143.07,77.13
1416,171.85,88.2
1417,166.87,86.29
1418,167.11,77.84
1419,179.25,119.93
1420,194.86,56.3
1421,318.43,107.92
1422,235.56,118.69
1423,241.87,129.05
1424,319.26,122.93
1425,217.54,84.05
1426,244.31,200.66
1427,290.77,132.06
1428,152.6,46.76
1429,156.26,42.05
1430,176.23,38.02
1431,183.52,36.92
1432,154.9,58.94
1433,309.23,73.06
1434,179.1,44.63
1435,267.43,163.45
1436,236.84,169.24
1437,224.88,159.4
1438,244.93,158.72
1439,137.96,44.42
1440,304.97,96.75
1441,289.18,153.41
1442,101.08,88.67
1443,104.69,93.1
1444,102.3,94.12
1445,121.83,125.82
1446,139.59,21.52
1447,85.22,59.01
1448,105.32,104.04
1449,170.13,21.35
1450,174.4,27.56
1451,138.06,16.48
1452,120.37,75.93
1453,198.63,29.52
1454,178.77,22.73
1455,152.42,19.95
1456,339.49,32.8
1457,368.48,36.48
1458,339.49,32.8
1459,252.52,28.79
1460,209.54,78.64
1461,267.7,34.59
1462,309.11,61.44
1463,162.82,58.94
1464,159.06,77.91
1465,149.85,92.39
1466,217.47,40.36
1467,145.83,101.55
1468,203.23,58.0
1469,159.06,77.91
1470,145.18,102.37
1471,141.56,114.52
1472,145.18,102.37
1473,181.86,222.4
1474,178.35,58.51
1475,155.54,84.74
1476,170.85,65.88
1477,354.71,65.93
1478,336.17,73.12
1479,180.15,45.74
1480,262.91,118.54
1481,297.28,102.41
1482,225.89,145.38
1483,336.17,73.12
1484,240.82,142.61
1485,261.69,135.59
1486,201.11,108.83
1487,264.91,147.15
1488,236.97,135.93
1489,217.18,197.24
1490,243.42,124.89
1491,222.91,163.59
1492,321.02,160.7
1493,246.07,103.77
1494,245.28,143.83
1495,235.07,124.8
1496,220.99,168.67
1497,236.66,142.05
1498,80.43,34.3
1499,94.76,27.87
1500,100.39,36.78
1501,109.22,41.72
1502,75.61,41.12
1503,110.22,29.09
1504,100.83,35.97
1505,131.31,104.8
1506,106.93,102.96
1507,95.0,75.19
1508,133.02,102.24
1509,90.11,60.25
1510,166.14,72.61
1511,114.21,126.55
1512,106.05,53.03
1513,91.8,45.68
1514,112.4,48.12
1515,116.74,51.52
1516,156.73,25.18
1517,171.91,202.77
1518,90.35,58.18
1519,213.48,146.05
1520,224.94,205.11
1521,189.85,133.86
1522,127.5,228.99
1523,148.99,25.96
1524,244.53,116.05
1525,198.78,150.07
1526,178.21,170.08
1527,216.56,123.74
1528,212.12,189.4
1529,101.78,32.95
1530,148.86,191.31
1531,219.34,107.19
1532,269.57,96.64
1533,133.04,37.76
1534,82.49,42.16
1535,174.41,110.33
1536,132.51,35.13
1537,124.41,54.24
1538,109.46,63.47
1539,124.09,47.83
1540,158.71,90.79
1541,146.83,114.44
1542,137.16,104.32
1543,149.81,139.77
1544,105.54,146.97
1545,108.38,34.84
1546,165.78,71.64
1547,103.89,46.56
1548,106.2,47.49
1549,101.95,48.51
1550,142.1,33.95
1551,175.39,120.46
1552,63.74,58.98
1553,132.19,48.29
1554,253.94,26.47
1555,279.21,29.48
1556,231.9,31.95
1557,242.95,35.07
1558,235.63,41.57
1559,258.12,63.32
1560,243.74,41.52
1561,190.72,134.04
1562,184.04,150.34
1563,192.88,150.72
1564,313.16,79.79
1565,211.56,88.35
1566,274.36,83.9
1567,208.31,147.88
1568,174.38,59.68
1569,184.78,45.78
1570,153.17,41.99
1571,317.86,84.46
1572,162.3,75.68
1573,176.63,36.73
1574,173.78,73.2
1575,138.24,156.73
1576,171.07,160.29
1577,117.23,76.69
1578,195.72,116.37
1579,149.02,224.6
1580,250.49,58.25
1581,125.41,148.06
1582,184.72,122.23
1583,136.84,136.81
1584,174.2,155.15
1585,73.29,42.7
1586,235.01,84.35
1587,118.06,65.57
1588,219.9,87.73
1589,70.74,17.98
1590,67.71,18.06
1591,187.14,30.89
1592,64.11,36.01
1593,113.82,21.41
1594,84.01,18.86
1595,79.26,17.46
1596,179.79,35.96
1597,184.07,46.14
1598,218.87,37.3
1599,155.49,35.95
1600,191.63,26.2
1601,180.78,45.51
1602,219.62,24.66
1603,200.7,27.68
1604,197.85,24.04
1605,250.77,28.99
1606,163.29,36.78
1607,206.15,23.17
1608,200.51,24.45
1609,199.32,26.32
1610,217.86,161.49
1611,225.82,140.93
1612,257.43,137.86
1613,202.71,135.69
1614,273.76,97.69
1615,253.95,139.15
1616,146.36,207.09
1617,159.32,201.27
1618,171.25,204.73
1619,182.38,229.92
1620,155.77,223.08
1621,166.5,195.95
1622,257.22,113.84
1623,174.64,193.79
1624,274.97,79.32
1625,261.56,80.84
1626,254.97,84.64
1627,241.58,60.06
1628,281.14,71.28
1629,209.81,74.78
1630,162.34,172.59
1631,171.61,99.97
1632,164.73,104.27
1633,189.63,106.24
1634,170.74,93.99
1635,161.16,114.4
1636,202.13,65.53
1637,173.8,88.49
1638,75.72,15.11
1639,72.44,13.26
1640,66.83,14.0
1641,173.37,28.85
1642,53.34,31.06
1643,89.07,18.65
1644,81.49,14.19
1645,194.02,205.63
1646,229.75,185.96
1647,78.29,42.54
1648,326.24,82.44
1649,122.55,77.48
1650,185.92,247.03
1651,218.37,200.08
1652,150.48,144.35
1653,133.01,136.02
1654,134.34,134.06
1655,135.82,144.18
1656,135.9,131.65
1657,154.87,254.97
1658,261.88,65.42
1659,283.28,69.0
1660,342.44,102.4
1661,261.46,103.28
1662,224.72,104.92
1663,211.32,68.42
1664,144.13,186.05
1665,236.99,87.23
1666,182.96,58.84
1667,177.03,67.25
1668,210.48,76.54
1669,147.65,37.18
1670,205.57,40.48
1671,164.98,39.6
1672,191.52,51.18
1673,149.52,27.15
1674,117.73,24.41
1675,162.6,30.42
1676,127.58,33.56
1677,182.07,36.34
1678,134.19,21.17
1679,138.24,20.39
1680,98.38,15.23
1681,105.25,15.99
1682,124.41,14.86
1683,244.41,22.03
1684,82.23,31.35
1685,123.01,20.79
1686,94.28,16.08
1687,282.57,62.97
1688,222.76,81.33
1689,111.0,32.62
1690,382.0,35.97
1691,120.69,55.91
1692,219.08,89.13
1693,225.93,72.71
1694,148.28,149.47
1695,137.05,146.53
1696,168.84,162.11
1697,141.98,124.66
1698,210.26,100.34
1699,141.77,188.18
1700,158.57,141.21
1701,185.66,113.47
1702,178.79,95.57
1703,241.77,116.28
1704,154.5,166.74
1705,211.86,72.3
1706,171.13,125.62
1707,211.67,108.52
1708,214.37,137.04
1709,240.39,100.68
1710,165.42,75.0
1711,190.75,75.32
1712,209.29,150.99
1713,229.24,87.7
1714,189.63,162.48
1715,131.02,58.78
1716,148.27,103.25
1717,151.93,82.74
1718,135.6,51.47
1719,125.74,75.8
1720,139.17,42.51
1721,131.63,51.79
1722,257.62,53.5
1723,205.21,71.24
1724,304.07,52.55
1725,229.21,59.98
1726,237.54,75.95
1727,176.67,42.99
1728,161.0,104.59
1729,107.59,61.64
1730,89.59,59.58
1731,89.5,60.9
1732,92.54,49.28
1733,167.74,103.02
1734,116.34,54.04
1735,81.88,66.35
1736,244.36,118.23
1737,186.45,130.24
1738,168.61,106.57
1739,119.08,45.27
1740,316.23,73.74
1741,254.85,178.84
1742,250.35,97.54
1743,95.8,15.55
1744,143.3,24.49
1745,278.76,61.05
1746,87.3,45.25
1747,94.92,18.21
1748,99.94,22.11
1749,99.2,18.25
1750,154.47,70.02
1751,160.61,51.36
1752,162.03,82.26
1753,209.35,146.58
1754,142.56,99.77
1755,126.72,31.14
1756,157.47,54.41
1757,116.98,59.98
1758,150.28,59.89
1759,112.73,39.96
1760,176.36,52.6
1761,184.44,197.39
1762,122.26,57.78
1763,139.33,58.3
1764,204.49,201.69
1765,237.67,193.41
1766,220.29,221.66
1767,200.13,194.67
1768,169.21,239.11
1769,208.12,130.29
1770,237.09,189.66
1771,195.59,126.34
1772,175.98,140.36
1773,156.31,130.41
1774,221.01,118.01
1775,210.34,203.48
1776,215.43,135.18
1777,161.81,141.35
1778,203.67,17.58
1779,199.51,15.7
1780,227.39,18.34
1781,177.39,17.77
1782,160.43,40.76
1783,234.69,42.35
1784,219.37,15.56
1785,191.71,60.08
1786,176.03,54.06
1787,240.12,64.0
1788,210.19,30.34
1789,166.72,33.35
1790,189.0,64.78
1791,198.18,51.72
1792,380.26,90.74
1793,461.79,65.96
1794,283.41,72.23
1795,104.56,30.76
1796,428.35,85.53
1797,449.4,115.14
1798,382.62,99.91
1799,71.62,25.33
1800,106.35,47.11
1801,262.31,134.98
1802,72.06,15.1
1803,70.88,28.23
1804,68.59,34.4
1805,71.97,28.26
1806,115.7,64.5
1807,140.17,56.9
1808,133.74,60.77
1809,116.44,58.04
1810,173.42,38.45
1811,170.76,104.06
1812,109.94,68.87
1813,163.64,107.09
1814,174.79,117.01
1815,200.02,74.96
1816,142.71,144.56
1817,174.19,32.61
1818,196.48,96.51
1819,165.77,103.44
1820,270.58,73.78
1821,241.98,86.92
1822,252.25,88.84
1823,319.97,71.05
1824,228.38,99.83
1825,229.5,56.05
1826,281.36,70.8
1827,210.29,56.37
1828,239.35,38.96
1829,210.47,60.07
1830,236.5,55.87
1831,276.25,76.11
1832,208.13,49.85
1833,242.57,38.15
1834,120.9,47.36
1835,123.94,42.95
1836,119.88,60.31
1837,160.87,59.96
1838,118.82,66.7
1839,115.89,48.45
1840,127.44,43.05
1841,150.53,72.51
1842,143.88,66.94
1843,127.78,40.71
1844,137.86,81.87
1845,143.18,79.98
1846,148.1,64.68
1847,150.1,80.84
1848,180.51,87.31
1849,171.49,110.53
1850,215.94,94.51
1851,325.39,131.48
1852,206.21,51.01
1853,129.21,41.49
1854,171.85,97.21
1855,235.45,25.18
1856,195.94,25.76
1857,152.73,29.67
1858,131.54,44.2
1859,337.4,193.02
1860,168.77,26.83
1861,186.0,36.83
1862,283.1,71.03
1863,239.0,94.66
1864,256.29,98.14
1865,183.43,46.79
1866,172.84,171.79
1867,213.17,112.95
1868,226.16,102.78
1869,139.88,142.09
1870,129.31,120.09
1871,143.5,196.0
1872,203.17,64.31
1873,121.21,125.54
1874,146.19,129.36
1875,148.79,132.91
1876,80.7,40.51
1877,78.27,37.7
1878,71.07,26.87
1879,113.27,74.04
1880,95.17,30.74
1881,98.4,70.03
1882,76.92,43.72
1883,112.95,48.91
1884,146.67,75.62
1885,80.46,24.04
1886,98.81,74.45
1887,106.42,35.6
1888,109.36,52.43
1889,107.17,53.42
1890,204.9,115.14
1891,202.42,118.7
1892,219.75,147.2
1893,201.52,133.08
1894,262.15,65.7
1895,169.05,75.54
1896,263.59,63.88
1897,306.83,30.1
1898,263.97,35.87
1899,253.11,38.85
1900,283.88,52.15
1901,327.02,58.89
1902,258.66,57.47
1903,266.67,36.09
1904,171.29,73.94
1905,159.16,79.81
1906,169.43,63.85
1907,160.84,82.4
1908,182.94,80.31
1909,208.94,82.12
1910,180.71,67.11
1911,189.73,71.18
1912,228.03,76.74
1913,173.27,66.85
1914,173.87,86.34
1915,181.9,53.61
1916,149.29,108.0
1917,189.45,67.11
1918,338.76,96.92
1919,349.73,80.82
1920,355.37,117.89
1921,92.74,16.48
1922,370.48,77.72
1923,370.25,76.45
1924,286.38,139.15
1925,119.16,20.17
1926,91.67,19.09
1927,287.83,196.17
1928,114.39,18.53
1929,120.4,20.44
1930,118.0,20.27
1931,119.0,21.82
1932,120.78,92.09
1933,134.82,74.45
1934,158.34,84.89
1935,147.21,97.32
1936,137.47,53.32
1937,129.28,85.52
1938,126.42,75.01
1939,186.79,97.91
1940,185.53,64.85
1941,183.06,58.34
1942,177.83,131.15
1943,207.39,77.84
1944,211.86,76.81
1945,190.92,90.82
1946,148.2,27.04
1947,118.91,30.43
1948,167.84,25.09
1949,155.37,30.29
1950,74.05,54.53
1951,169.18,48.61
1952,152.77,21.08
1953,196.15,52.13
1954,183.41,41.81
1955,158.73,55.75
1956,188.57,33.98
1957,103.14,47.76
1958,117.22,88.87
1959,165.31,52.43
1960,148.67,49.06
1961,136.74,56.23
1962,198.37,46.93
1963,148.52,49.97
1964,179.34,47.9
1965,250.27,186.82
1966,223.82,43.61
1967,267.72,66.1
1968,257.12,58.53
1969,410.27,78.57
1970,239.11,86.33
1971,185.83,33.08
1972,247.23,101.6
1973,297.9,45.66
1974,148.61,71.49
1975,139.33,88.34
1976,155.36,81.95
1977,244.04,127.62
1978,164.18,56.27
1979,123.35,57.22
1980,110.71,119.11
1981,139.82,91.23
1982,165.62,87.31
1983,135.91,56.9
1984,95.33,94.02
1985,163.82,195.78
1986,213.83,54.63
1987,161.52,88.76
1988,306.73,113.92
1989,326.75,107.12
1990,243.38,59.99
1991,329.89,133.72
1992,250.04,178.08
1993,294.98,67.89
1994,252.65,170.46
1995,123.72,171.67
1996,136.65,190.47
1997,123.09,152.6
1998,220.76,77.45
1999,125.48,221.69
2000,142.41,126.66
2001,129.86,149.47
2002,96.15,25.72
2003,88.28,40.11
2004,93.29,29.0
2005,120.04,47.33
2006,98.74,26.06
2007,99.98,39.86
2008,92.39,28.33
2009,154.24,62.3
2010,134.31,56.26
2011,107.36,33.17
2012,137.56,76.28
2013,150.81,32.33
2014,134.42,74.49
2015,144.68,57.47
2016,138.21,255.36
2017,132.35,250.83
2018,116.69,236.05
2019,128.63,217.01
2020,130.07,208.23
2021,131.56,245.38
2022,203.97,170.55
2023,209.21,193.78
2024,193.8,156.98
2025,239.24,190.4
2026,204.14,193.33
2027,208.89,172.74
2028,148.92,244.98
2029,248.15,151.54
2030,103.61,26.69
2031,103.53,27.85
2032,123.95,24.44
2033,210.05,77.41
2034,110.66,23.2
2035,107.92,32.92
2036,105.16,28.2
2037,207.78,120.1
2038,197.86,114.13
2039,120.18,27.01
2040,172.96,126.3
2041,175.06,103.26
2042,284.76,75.07
2043,219.64,127.69
2044,160.16,60.62
2045,164.95,45.95
2046,152.8,62.01
2047,126.53,62.23
2048,171.46,22.43
2049,155.44,77.46
2050,123.15,60.62
2051,258.82,31.09
2052,305.16,32.93
2053,269.21,33.11
2054,132.79,74.37
2055,193.3,25.36
2056,256.36,23.65
2057,266.54,29.56
2058,186.69,70.07
2059,200.86,52.16
2060,218.01,73.06
2061,157.45,50.65
2062,165.24,106.85
2063,202.43,68.9
2064,221.48,38.12
2065,188.68,42.59
2066,160.72,46.75
2067,219.26,68.84
2068,194.14,35.57
2069,173.54,55.78
2070,174.27,64.17
2071,175.66,59.06
2072,216.92,66.49
2073,214.12,79.94
2074,152.7,45.05
2075,247.62,167.79
2076,181.91,117.11
2077,158.93,21.43
2078,230.75,51.74
2079,172.42,30.22
2080,138.46,38.78
2081,113.79,28.17
2082,170.51,25.31
2083,242.36,70.81
2084,144.1,34.76
2085,158.68,29.28
2086,180.21,69.03
2087,161.5,62.12
2088,189.2,59.33
2089,99.81,37.08
2090,149.03,76.54
2091,260.13,112.22
2092,160.87,98.19
2093,113.89,82.41
2094,98.51,71.72
2095,148.87,203.07
2096,127.0,53.68
2097,97.74,38.84
2098,120.81,59.49
2099,84.73,87.81
2100,261.12,56.41
2101,258.98,56.57
2102,305.34,52.03
2103,230.69,50.33
2104,242.93,68.08
2105,294.09,64.14
2106,181.54,136.39
2107,164.26,196.04
2108,149.17,170.71
2109,148.43,231.53
2110,176.46,165.96
2111,147.46,145.89
2112,268.83,71.18
2113,149.61,200.24
2114,211.35,271.21
2115,224.26,254.34
2116,204.58,306.55
2117,177.48,260.92
2118,299.14,150.28
2119,134.95,120.07
2120,216.58,264.38
2121,289.34,71.16
2122,278.11,45.75
2123,331.99,53.97
2124,205.08,88.49
2125,307.7,147.33
2126,286.68,44.12
2127,366.56,20.19
2128,193.02,40.24
2129,183.25,45.42
2130,153.1,32.95
2131,277.94,93.87
2132,167.19,58.43
2133,181.94,47.15
2134,189.7,41.0
2135,246.66,71.64
2136,224.23,102.11
2137,144.78,52.0
2138,234.69,68.25
2139,222.6,83.19
2140,200.13,91.74
2141,181.25,107.44
2142,158.71,255.49
2143,144.75,248.91
2144,146.38,301.58
2145,109.5,101.46
2146,131.41,260.56
2147,131.81,237.43
2148,154.69,241.31
2149,117.45,156.73
2150,110.74,103.86
2151,159.87,306.54
2152,116.46,145.51
2153,131.52,141.42
2154,128.01,149.88
2155,123.92,152.75
2156,240.2,83.89
2157,240.39,76.02
2158,239.2,87.55
2159,216.56,73.99
2160,150.25,176.11
2161,242.96,76.19
2162,238.29,77.54
2163,182.36,150.5
2164,170.41,147.69
2165,160.18,164.33
2166,242.43,67.61
2167,170.99,132.89
2168,170.52,144.58
2169,173.34,155.31
2170,187.24,56.71
2171,158.99,46.77
2172,178.59,47.67
2173,227.64,53.71
2174,216.51,37.81
2175,200.1,53.99
2176,210.62,51.59
2177,239.41,34.59
2178,224.09,35.14
2179,261.16,38.25
2180,203.22,45.13
2181,253.55,33.68
2182,219.92,36.76
2183,222.65,37.42
2184,148.47,58.29
2185,111.54,43.11
2186,140.23,45.8
2187,145.89,31.81
2188,100.23,56.87
2189,246.05,134.4
2190,141.36,42.76
2191,188.11,82.5
2192,194.52,65.17
2193,236.52,122.04
2194,179.52,80.63
2195,117.1,38.56
2196,190.08,81.78
2197,188.96,73.0
2198,118.83,19.1
2199,116.32,22.73
2200,114.53,18.83
2201,210.62,114.25
2202,107.1,35.19
2203,102.26,14.02
2204,114.3,16.78
2205,115.01,47.5
2206,170.7,37.15
2207,83.86,21.34
2208,186.24,33.39
2209,183.32,141.78
2210,119.68,36.14
2211,181.13,35.19
2212,222.29,312.01
2213,208.28,281.73
2214,201.29,247.12
2215,174.54,239.82
2216,286.09,205.66
2217,155.09,121.44
2218,161.12,333.47
2219,231.65,55.93
2220,253.72,53.42
2221,266.67,56.69
2222,128.54,102.45
2223,230.9,116.15
2224,238.54,45.68
2225,248.89,33.89
2226,187.65,39.55
2227,191.12,40.08
2228,229.91,43.17
2229,90.86,21.63
2230,184.87,44.31
2231,217.39,57.41
2232,161.08,54.82
2233,116.77,58.69
2234,100.42,38.75
2235,175.47,180.6
2236,136.88,37.38
2237,108.67,35.96
2238,125.13,47.02
2239,128.09,50.32
2240,385.38,83.91
2241,398.11,86.44
2242,383.17,96.71
2243,250.95,52.94
2244,381.41,92.36
2245,410.66,67.51
2246,322.39,133.21
2247,231.97,70.4
2248,238.55,69.6
2249,352.96,112.97
2250,228.5,74.51
2251,225.04,84.86
2252,229.59,68.95
2253,240.06,69.76
2254,134.6,81.52
2255,126.82,94.68
2256,147.38,66.95
2257,168.85,150.01
2258,149.93,64.2
2259,144.91,60.58
2260,139.34,76.34
2261,150.67,131.68
2262,168.27,135.76
2263,135.45,76.69
2264,147.16,121.25
2265,154.82,164.42
2266,183.04,138.38
2267,157.45,151.87
2268,186.69,64.55
2269,155.55,73.12
2270,146.15,64.08
2271,196.42,94.99
2272,147.22,111.64
2273,150.41,53.7
2274,208.16,48.73
2275,108.67,88.31
2276,110.61,72.19
2277,111.05,73.2
2278,151.0,56.75
2279,117.31,83.56
2280,110.71,70.28
2281,112.32,77.8
2282,87.21,50.18
2283,87.11,43.27
2284,108.69,71.95
2285,109.02,58.1
2286,96.27,26.65
2287,86.56,50.97
2288,95.38,38.42
2289,150.29,44.72
2290,124.92,28.57
2291,137.47,24.87
2292,157.02,48.05
2293,170.94,34.29
2294,149.77,43.06
2295,165.69,34.27
2296,257.47,76.73
2297,273.16,74.3
2298,207.52,59.63
2299,354.23,82.11
2300,283.09,64.29
2301,206.26,54.65
2302,243.05,105.2
2303,221.91,54.88
2304,235.05,52.47
2305,164.41,49.82
2306,171.52,63.35
2307,278.6,82.92
2308,224.69,51.08
2309,224.02,55.59
2310,177.32,42.91
2311,190.51,40.66
2312,148.85,47.85
2313,131.42,24.95
2314,218.37,23.5
2315,255.91,164.83
2316,187.2,46.13
2317,219.29,29.82
2318,187.63,35.81
2319,337.73,167.08
2320,193.99,68.21
2321,127.4,23.17
2322,198.8,52.06
2323,190.5,57.5
2324,153.81,57.61
2325,133.86,63.68
2326,139.52,47.36
2327,149.73,104.27
2328,148.16,41.71
2329,148.62,95.27
2330,122.78,70.29
2331,183.17,152.85
2332,192.91,189.58
2333,152.0,68.97
2334,173.73,194.47
2335,200.81,80.13
2336,204.82,148.46
2337,187.23,153.08
2338,278.98,80.62
2339,301.6,61.33
2340,270.11,63.53
2341,338.47,101.02
2342,239.81,125.57
2343,282.77,47.65
2344,276.59,90.82
2345,192.48,149.9
2346,202.11,138.51
2347,165.93,125.16
2348,333.62,59.58
2349,215.26,214.74
2350,188.88,125.95
2351,190.35,138.92
2352,111.22,63.69
2353,105.04,62.39
2354,114.66,54.25
2355,111.22,79.36
2356,126.47,24.68
2357,153.56,88.7
2358,105.94,53.14
2359,248.16,91.12
2360,329.97,81.27
2361,175.2,48.96
2362,238.02,118.74
2363,203.73,46.39
2364,233.39,107.28
2365,280.24,77.1
2366,298.19,64.73
2367,294.09,62.04
2368,258.76,63.39
2369,176.13,55.19
2370,297.08,65.94
2371,302.57,84.51
2372,197.21,160.52
2373,122.91,138.22
2374,130.72,139.49
2375,150.05,249.61
2376,164.19,74.24
2377,127.21,109.59
2378,171.62,61.63
2379,131.11,131.9
2380,102.77,47.92
2381,103.57,52.24
2382,79.13,36.92
2383,127.97,74.11
2384,109.67,42.53
2385,100.84,42.5
2386,104.54,58.1
2387,106.88,36.57
2388,128.57,59.09
2389,78.05,26.91
2390,94.09,46.81
2391,109.28,35.58
2392,98.08,39.48
2393,97.72,36.49
2394,220.4,67.59
2395,218.95,70.71
2396,252.1,74.79
2397,246.62,59.17
2398,223.57,53.59
2399,176.17,41.8
2400,243.92,44.66
2401,219.12,44.67
2402,263.37,25.99
2403,296.77,31.81
2404,278.53,27.22
2405,277.71,59.95
2406,232.94,40.06
2407,270.59,34.92
2408,290.36,59.85
2409,342.3,40.59
2410,285.05,36.8
2411,187.46,18.34
2412,168.46,118.68
2413,314.65,135.28
2414,334.96,33.17
2415,130.83,77.47
2416,148.28,106.01
2417,225.1,157.65
2418,169.08,24.32
2419,122.72,51.05
2420,128.95,93.67
2421,133.99,72.07
2422,182.24,89.61
2423,193.12,82.76
2424,267.59,81.77
2425,275.09,87.58
2426,209.52,68.23
2427,123.44,35.57
2428,153.04,125.85
2429,156.75,47.25
2430,157.48,48.27
2431,136.27,41.56
2432,147.85,50.99
2433,190.48,222.91
2434,193.31,37.44
2435,153.8,58.6
2436,246.4,98.06
2437,251.57,97.21
2438,250.85,83.5
2439,249.08,109.72
2440,249.49,92.41
2441,216.29,69.6
2442,229.38,103.95
2443,262.61,71.59
2444,253.92,76.21
2445,233.13,61.59
2446,281.02,87.79
2447,282.32,137.23
2448,306.82,69.15
2449,302.29,74.84
2450,71.75,30.19
2451,89.36,32.06
2452,67.45,34.09
2453,109.82,48.75
2454,71.15,32.31
2455,112.93,58.16
2456,87.66,26.29
2457,193.65,90.94
2458,200.24,72.65
2459,123.87,38.63
2460,210.65,72.59
2461,106.58,31.63
2462,138.19,156.6
2463,223.74,61.75
2464,147.63,216.8
2465,173.97,226.16
2466,149.17,190.98
2467,147.35,79.11
2468,382.39,109.88
2469,178.89,243.56
2470,317.58,131.53
2471,144.71,23.91
2472,183.71,24.33
2473,350.65,55.31
2474,134.85,41.12
2475,154.14,15.83
2476,150.19,20.91
2477,153.11,16.29
2478,139.34,24.71
2479,139.61,22.71
2480,182.31,26.35
2481,208.57,40.86
2482,127.94,34.77
2483,149.68,23.57
2484,146.07,21.61
2485,172.87,111.4
2486,196.09,77.58
2487,141.87,70.96
2488,245.34,47.67
2489,176.95,65.65
2490,223.04,59.79
2491,200.86,78.36
2492,301.64,77.29
2493,373.24,58.81
2494,262.91,101.31
2495,236.91,102.61
2496,268.86,92.56
2497,133.12,46.12
2498,116.16,183.2
2499,91.61,60.18
2500,122.64,65.1
2501,98.13,65.79
2502,125.72,62.5
2503,138.47,147.86
2504,150.88,49.07
2505,107.18,71.09
2506,175.13,102.5
2507,185.79,102.41
2508,187.56,108.21
2509,159.42,99.9
2510,187.66,79.71
2511,191.27,59.12
2512,184.18,101.77
2513,192.04,48.72
2514,180.94,48.09
2515,203.38,63.54
2516,189.13,62.63
2517,201.65,66.38
2518,201.82,43.84
2519,198.08,48.35
2520,123.99,27.95
2521,114.76,37.69
2522,120.06,44.83
2523,181.16,228.95
2524,103.05,47.45
2525,96.54,22.66
2526,117.6,34.15
2527,177.8,66.5
2528,162.25,48.02
2529,92.31,32.75
2530,204.03,48.81
2531,273.46,152.03
2532,127.82,82.97
2533,154.34,53.25
2534,142.14,119.05
2535,144.87,91.19
2536,158.69,99.53
2537,109.09,77.81
2538,219.44,42.43
2539,140.29,160.7
2540,140.23,116.42
2541,168.56,37.05
2542,150.93,44.86
2543,200.44,95.23
2544,115.35,127.53
2545,141.58,42.46
2546,164.8,38.38
2547,165.01,36.82
2548,178.7,20.22
2549,150.47,28.2
2550,169.65,19.0
2551,71.36,17.59
2552,154.94,31.86
2553,258.42,47.92
2554,162.39,27.03
2555,89.98,25.74
2556,104.03,26.59
2557,186.61,87.69
2558,83.4,19.78
2559,65.1,17.55
2560,81.64,20.3
2561,83.25,24.19
2562,159.64,192.06
2563,171.61,178.92
2564,186.79,204.55
2565,137.9,154.04
2566,135.07,200.06
2567,153.03,128.99
2568,270.26,93.78
2569,219.51,82.95
2570,193.28,75.1
2571,259.47,93.56
2572,259.07,63.99
2573,239.13,95.6
2574,147.64,125.42
2575,194.56,75.56
2576,186.53,108.82
2577,157.35,115.37
2578,144.34,113.0
2579,133.75,92.19
2580,158.27,85.48
2581,98.22,60.15
2582,124.24,116.05
2583,152.89,37.08
2584,120.33,41.56
2585,114.43,45.96
2586,126.57,43.58
2587,209.96,65.87
2588,117.19,38.36
2589,123.36,38.06
2590,90.44,21.27
2591,89.47,23.8
2592,109.05,26.23
2593,290.88,91.22
2594,79.87,36.56
2595,87.65,21.24
2596,90.04,21.02
2597,262.34,99.42
2598,242.27,105.37
2599,102.19,39.07
2600,312.19,79.98
2601,323.8,117.49
2602,266.57,96.42
2603,258.73,109.16
2604,241.2,124.01
2605,281.05,139.22
2606,228.08,111.25
2607,212.83,124.06
2608,236.86,159.99
2609,245.26,191.96
2610,239.36,164.94
2611,175.35,153.24
2612,284.82,144.62
2613,223.19,159.96
2614,191.83,133.24
2615,202.43,99.99
2616,215.64,119.05
2617,195.16,152.75
2618,134.56,16.58
2619,140.65,24.28
2620,155.66,15.35
2621,96.8,14.46
2622,114.82,23.4
2623,175.14,29.42
2624,134.56,16.58
2625,122.64,27.53
2626,108.45,20.42
2627,192.15,53.5
2628,142.32,16.31
2629,111.43,17.06
2630,123.34,25.26
2631,118.92,25.5
2632,153.28,41.88
2633,169.62,32.27
2634,132.01,25.39
2635,266.04,37.0
2636,129.26,72.44
2637,197.39,76.38
2638,179.73,27.93
2639,139.26,229.83
2640,187.38,304.09
2641,121.96,89.15
2642,210.34,133.05
2643,100.93,83.04
2644,154.49,243.87
2645,163.81,215.71
2646,216.26,144.88
2647,268.44,96.94
2648,246.96,126.32
2649,144.83,72.04
2650,273.28,101.58
2651,185.18,91.27
2652,244.23,124.86
2653,166.39,45.36
2654,155.11,38.1
2655,294.82,55.44
2656,158.48,59.5
2657,169.22,50.61
2658,173.3,37.75
2659,168.18,47.68
2660,205.38,136.67
2661,231.39,128.33
2662,215.73,147.36
2663,231.37,128.5
2664,229.19,104.38
2665,181.75,55.33
2666,281.87,62.53
2667,233.6,27.01
2668,215.06,30.41
2669,219.42,33.54
2670,241.66,35.95
2671,325.85,64.11
2672,219.98,41.35
2673,233.36,35.94
2674,97.16,141.6
2675,126.39,168.49
2676,113.19,167.79
2677,116.63,144.59
2678,165.55,146.38
2679,112.53,219.59
2680,145.88,135.91
2681,211.03,186.67
2682,202.39,177.08
2683,233.7,181.44
2684,202.62,206.02
2685,202.87,134.2
2686,159.69,212.91
2687,229.83,178.52
2688,164.12,238.57
2689,167.96,244.3
2690,120.08,162.32
2691,183.19,275.6
2692,237.77,159.44
2693,189.79,193.26
2694,168.9,231.53
2695,218.88,90.84
2696,283.25,142.47
2697,192.04,80.38
2698,162.53,173.21
2699,235.37,98.42
2700,223.24,100.77
2701,218.43,98.88
2702,299.87,74.95
2703,309.83,59.02
2704,317.5,64.58
2705,132.36,26.61
2706,220.55,91.19
2707,241.92,52.95
2708,319.59,57.99
2709,120.02,41.12
2710,121.21,41.67
2711,213.09,60.05
2712,150.17,22.54
2713,129.92,48.88
2714,130.75,42.93
2715,110.25,40.48
2716,106.82,51.94
2717,136.77,35.26
2718,123.3,50.92
2719,139.04,61.79
2720,128.05,44.85
2721,161.89,70.66
2722,107.75,59.76
2723,177.26,128.37
2724,162.39,110.6
2725,158.22,99.9
2726,181.88,129.6
2727,162.1,67.35
2728,242.56,60.03
2729,164.11,132.2
2730,182.26,149.51
2731,203.81,135.79
2732,205.98,130.33
2733,207.29,150.49
2734,184.72,126.16
2735,192.74,170.27
2736,177.7,157.86
2737,192.37,222.78
2738,167.28,220.71
2739,174.74,201.13
2740,182.37,240.09
2741,194.33,177.63
2742,239.24,193.53
2743,194.13,222.13
2744,204.58,238.96
2745,195.75,233.06
2746,203.38,231.51
2747,181.15,103.01
2748,199.29,266.34
2749,214.52,98.84
2750,244.62,222.49
2751,152.65,88.6
2752,157.36,79.5
2753,196.87,130.25
2754,165.9,69.04
2755,151.02,152.78
2756,174.38,63.11
2757,170.73,83.83
2758,128.24,75.74
2759,116.49,91.02
2760,148.91,77.24
2761,152.27,76.01
2762,191.94,28.95
2763,160.67,129.01
2764,150.19,71.16
2765,328.31,91.52
2766,300.37,75.81
2767,240.52,39.75
2768,251.67,165.04
2769,273.35,49.09
2770,318.12,99.84
2771,340.18,81.13
2772,347.99,58.59
2773,349.1,48.76
2774,251.22,41.26
2775,319.49,52.04
2776,354.17,53.3
2777,402.5,48.58
2778,400.1,39.24
2779,252.74,44.32
2780,322.36,72.35
2781,251.22,63.55
2782,256.28,30.83
2783,231.03,48.69
2784,228.35,62.01
2785,222.33,60.15
2786,125.89,64.28
2787,126.52,73.94
2788,123.77,88.43
2789,96.32,38.51
2790,114.04,93.01
2791,97.88,35.79
2792,134.11,63.0
2793,71.04,32.35
2794,64.86,25.99
2795,109.21,41.18
2796,70.22,26.63
2797,99.1,50.91
2798,70.25,30.43
2799,75.58,32.73
